{
  "train_loss": [
    0.03716165729045868,
    0.0360146545791626,
    0.036014357767105105,
    0.03601439166069031,
    0.036014627594947814,
    0.036013922681808475,
    0.03601477746963501,
    0.036013956327438354,
    0.03601447891712189,
    0.03601461443901062,
    0.03601430303096771,
    0.03601444074630737,
    0.03601488775730133,
    0.036014583640098574,
    0.03601438135623932,
    0.03601456542015076,
    0.03601439560413361,
    0.036014222683906555,
    0.03601449131011963,
    0.03601431475639343,
    0.036014251413345334
  ],
  "train_acc": [
    9.934,
    9.948,
    9.856,
    9.88,
    9.736,
    10.032,
    9.826,
    9.886,
    9.796,
    9.748,
    9.75,
    9.696,
    9.774,
    9.536,
    9.836,
    9.754,
    9.82,
    9.762,
    9.898,
    9.788,
    9.838
  ],
  "test_loss": [
    2.302604007720947,
    2.30260910987854,
    2.3026137828826903,
    2.302623081207275,
    2.302593302726746,
    2.302623176574707,
    2.302605700492859,
    2.3026421070098877,
    2.302613544464111,
    2.3026037216186523,
    2.302614665031433,
    2.302626061439514,
    2.3026183605194093,
    2.3025970458984375,
    2.302606201171875,
    2.302599573135376,
    2.3025996685028076,
    2.3026250839233398,
    2.30259850025177,
    2.302602481842041,
    2.302618384361267
  ],
  "test_acc": [
    10.0,
    10.0,
    10.0,
    10.0,
    10.0,
    10.0,
    10.0,
    10.0,
    10.0,
    10.0,
    10.0,
    10.0,
    10.0,
    10.0,
    10.0,
    10.0,
    10.0,
    10.0,
    10.0,
    10.0,
    10.0
  ],
  "epoch_times": [
    301.3265585899353,
    298.72187781333923,
    296.6206567287445,
    300.554407119751,
    302.5411322116852,
    302.0840735435486,
    302.17991733551025,
    301.780321598053,
    299.02113032341003,
    301.6213104724884,
    299.6343550682068,
    287.2423231601715,
    295.5867249965668,
    298.20396614074707,
    299.27863025665283,
    297.1414804458618,
    301.0785264968872,
    300.49652194976807,
    298.80107069015503,
    301.2117931842804,
    298.97066044807434
  ],
  "total_training_time": 6284.263947486877,
  "actual_epochs": 21,
  "best_acc": 10.0,
  "early_stopped": true,
  "stopped_reason": "No improvement for 20 epochs"
}