{
  "accuracy": 0.6475,
  "macro_precision": 0.6398366296754897,
  "macro_recall": 0.6475000000000001,
  "macro_f1": 0.6397780269477993,
  "per_class_f1": [
    0.6544502617801048,
    0.81203007518797,
    0.4313725490196078,
    0.36464088397790057,
    0.5125348189415042,
    0.5974025974025975,
    0.755656108597285,
    0.7469287469287471,
    0.7666666666666666,
    0.7560975609756099
  ],
  "confusion_matrix": [
    [
      125,
      3,
      14,
      2,
      3,
      2,
      1,
      4,
      38,
      8
    ],
    [
      1,
      162,
      0,
      2,
      0,
      0,
      1,
      0,
      5,
      29
    ],
    [
      19,
      0,
      77,
      19,
      27,
      25,
      23,
      9,
      0,
      1
    ],
    [
      2,
      2,
      14,
      66,
      11,
      68,
      24,
      4,
      4,
      5
    ],
    [
      5,
      0,
      30,
      8,
      92,
      10,
      24,
      28,
      2,
      1
    ],
    [
      3,
      1,
      7,
      35,
      6,
      138,
      2,
      6,
      0,
      2
    ],
    [
      2,
      0,
      10,
      9,
      8,
      1,
      167,
      1,
      2,
      0
    ],
    [
      3,
      0,
      3,
      14,
      11,
      15,
      0,
      152,
      0,
      2
    ],
    [
      19,
      6,
      2,
      4,
      0,
      1,
      0,
      0,
      161,
      7
    ],
    [
      3,
      25,
      0,
      3,
      1,
      2,
      0,
      3,
      8,
      155
    ]
  ]
}