{
  "train_loss": [
    0.014695311601161956,
    0.01336746183872223,
    0.012784322891235352,
    0.012475645833015442,
    0.012260101325511932,
    0.012058982956409454,
    0.011966748750209808,
    0.011826262493133545,
    0.0116981241106987,
    0.011587016344070434,
    0.011185231654644013,
    0.01113395817041397,
    0.011040738091468811,
    0.011023824834823608,
    0.011037160592079162,
    0.011010320017337798,
    0.010993401975631714,
    0.010947875983715057,
    0.01092760633468628,
    0.010911244962215424
  ],
  "train_acc": [
    28.322,
    34.256,
    36.856,
    38.542,
    39.636,
    40.858,
    41.056,
    41.602,
    42.826,
    43.054,
    44.892,
    45.498,
    46.032,
    46.378,
    46.066,
    46.474,
    46.144,
    46.458,
    46.652,
    46.556
  ],
  "test_loss": [
    1.5006561936214566,
    1.4047699400670826,
    1.314079124044627,
    1.263177457664162,
    1.225847594941035,
    1.1841864422578365,
    1.2329943171590567,
    1.1824407047703862,
    1.1906577989961953,
    1.1519555621724575,
    1.0771732376441359,
    1.072416410477832,
    1.0611621424676851,
    1.0579898969391361,
    1.0591121515994892,
    1.0503539260877297,
    1.051717275030911,
    1.0387071718126535,
    1.03742761042621,
    1.0444942194577307
  ],
  "test_acc": [
    45.2,
    49.95,
    52.2,
    54.7,
    56.15,
    57.9,
    58.3,
    58.15,
    56.65,
    59.15,
    63.25,
    64.15,
    62.85,
    64.0,
    64.05,
    64.4,
    64.75,
    64.45,
    64.6,
    64.15
  ]
}