{
  "accuracy": 0.921,
  "macro_precision": 0.9224251034479594,
  "macro_recall": 0.9209999999999999,
  "macro_f1": 0.9212739351068595,
  "weighted_precision": 0.9224251034479591,
  "weighted_recall": 0.921,
  "weighted_f1": 0.9212739351068594,
  "per_class_metrics": {
    "airplane": {
      "precision": 0.9009433962264151,
      "recall": 0.955,
      "f1": 0.9271844660194173,
      "correct": 191,
      "total": 200
    },
    "automobile": {
      "precision": 0.9702970297029703,
      "recall": 0.98,
      "f1": 0.9751243781094527,
      "correct": 196,
      "total": 200
    },
    "bird": {
      "precision": 0.9210526315789473,
      "recall": 0.875,
      "f1": 0.8974358974358975,
      "correct": 175,
      "total": 200
    },
    "cat": {
      "precision": 0.8038277511961722,
      "recall": 0.84,
      "f1": 0.8215158924205378,
      "correct": 168,
      "total": 200
    },
    "deer": {
      "precision": 0.8611111111111112,
      "recall": 0.93,
      "f1": 0.8942307692307692,
      "correct": 186,
      "total": 200
    },
    "dog": {
      "precision": 0.9052631578947369,
      "recall": 0.86,
      "f1": 0.8820512820512821,
      "correct": 172,
      "total": 200
    },
    "frog": {
      "precision": 0.9689119170984456,
      "recall": 0.935,
      "f1": 0.9516539440203563,
      "correct": 187,
      "total": 200
    },
    "horse": {
      "precision": 0.9637305699481865,
      "recall": 0.93,
      "f1": 0.9465648854961832,
      "correct": 186,
      "total": 200
    },
    "ship": {
      "precision": 0.9646464646464646,
      "recall": 0.955,
      "f1": 0.9597989949748743,
      "correct": 191,
      "total": 200
    },
    "truck": {
      "precision": 0.9644670050761421,
      "recall": 0.95,
      "f1": 0.9571788413098236,
      "correct": 190,
      "total": 200
    }
  },
  "confusion_matrix": [
    [
      191,
      0,
      1,
      3,
      2,
      0,
      0,
      0,
      2,
      1
    ],
    [
      1,
      196,
      0,
      0,
      1,
      0,
      0,
      0,
      0,
      2
    ],
    [
      5,
      0,
      175,
      6,
      9,
      2,
      2,
      1,
      0,
      0
    ],
    [
      2,
      1,
      4,
      168,
      8,
      12,
      1,
      3,
      0,
      1
    ],
    [
      2,
      0,
      5,
      4,
      186,
      1,
      2,
      0,
      0,
      0
    ],
    [
      1,
      0,
      0,
      16,
      6,
      172,
      0,
      3,
      0,
      2
    ],
    [
      1,
      0,
      4,
      7,
      0,
      0,
      187,
      0,
      1,
      0
    ],
    [
      2,
      0,
      1,
      4,
      4,
      3,
      0,
      186,
      0,
      0
    ],
    [
      5,
      1,
      0,
      1,
      0,
      0,
      1,
      0,
      191,
      1
    ],
    [
      2,
      4,
      0,
      0,
      0,
      0,
      0,
      0,
      4,
      190
    ]
  ],
  "correct": 1842,
  "total_valid": 2000,
  "input_size": 32,
  "epochs": 119,
  "early_stopped": true,
  "timing": {
    "total_training_time_seconds": 2573.033628463745,
    "total_training_time_minutes": 42.88389380772909,
    "avg_epoch_time_seconds": 21.61090859645555,
    "final_evaluation_time_seconds": 3.1151206493377686,
    "total_pipeline_time_seconds": 2578.010069131851,
    "total_pipeline_time_minutes": 42.96683448553085
  }
}