{
  "accuracy": 0.7155,
  "macro_precision": 0.7143928089559892,
  "macro_recall": 0.7155,
  "macro_f1": 0.7125088133720794,
  "weighted_precision": 0.7143928089559891,
  "weighted_recall": 0.7155,
  "weighted_f1": 0.7125088133720794,
  "per_class_metrics": {
    "airplane": {
      "precision": 0.6977777777777778,
      "recall": 0.785,
      "f1": 0.7388235294117649,
      "correct": 157,
      "total": 200
    },
    "automobile": {
      "precision": 0.8737373737373737,
      "recall": 0.865,
      "f1": 0.8693467336683417,
      "correct": 173,
      "total": 200
    },
    "bird": {
      "precision": 0.630057803468208,
      "recall": 0.545,
      "f1": 0.5844504021447721,
      "correct": 109,
      "total": 200
    },
    "cat": {
      "precision": 0.5182926829268293,
      "recall": 0.425,
      "f1": 0.467032967032967,
      "correct": 85,
      "total": 200
    },
    "deer": {
      "precision": 0.7017543859649122,
      "recall": 0.6,
      "f1": 0.6469002695417789,
      "correct": 120,
      "total": 200
    },
    "dog": {
      "precision": 0.5702479338842975,
      "recall": 0.69,
      "f1": 0.6244343891402714,
      "correct": 138,
      "total": 200
    },
    "frog": {
      "precision": 0.7419354838709677,
      "recall": 0.805,
      "f1": 0.7721822541966428,
      "correct": 161,
      "total": 200
    },
    "horse": {
      "precision": 0.740909090909091,
      "recall": 0.815,
      "f1": 0.7761904761904761,
      "correct": 163,
      "total": 200
    },
    "ship": {
      "precision": 0.8594594594594595,
      "recall": 0.795,
      "f1": 0.825974025974026,
      "correct": 159,
      "total": 200
    },
    "truck": {
      "precision": 0.8097560975609757,
      "recall": 0.83,
      "f1": 0.8197530864197532,
      "correct": 166,
      "total": 200
    }
  },
  "confusion_matrix": [
    [
      157,
      2,
      11,
      3,
      1,
      1,
      1,
      3,
      14,
      7
    ],
    [
      3,
      173,
      1,
      1,
      0,
      0,
      0,
      0,
      3,
      19
    ],
    [
      15,
      0,
      109,
      10,
      17,
      23,
      17,
      8,
      0,
      1
    ],
    [
      4,
      2,
      13,
      85,
      7,
      56,
      19,
      9,
      1,
      4
    ],
    [
      7,
      0,
      18,
      8,
      120,
      6,
      17,
      23,
      1,
      0
    ],
    [
      3,
      0,
      6,
      33,
      8,
      138,
      2,
      9,
      0,
      1
    ],
    [
      3,
      1,
      10,
      13,
      9,
      0,
      161,
      1,
      2,
      0
    ],
    [
      2,
      0,
      4,
      6,
      8,
      16,
      0,
      163,
      0,
      1
    ],
    [
      26,
      3,
      1,
      4,
      0,
      1,
      0,
      0,
      159,
      6
    ],
    [
      5,
      17,
      0,
      1,
      1,
      1,
      0,
      4,
      5,
      166
    ]
  ],
  "correct": 1431,
  "total_valid": 2000,
  "input_size": 32,
  "epochs": 100,
  "early_stopped": false,
  "timing": {
    "total_training_time_seconds": 1567.1470079421997,
    "total_training_time_minutes": 26.11911679903666,
    "avg_epoch_time_seconds": 15.669744358062744,
    "final_evaluation_time_seconds": 1.6668105125427246,
    "total_pipeline_time_seconds": 1570.6792707443237,
    "total_pipeline_time_minutes": 26.17798784573873
  }
}